relpath,ext,bytes,mtime,crc32
ATTACHMENT_HARVEST_20260208/ATTACHMENT_HARVEST_20260208/contradiction_map_normalized.csv,.csv,36449309,1770586907,867893af
ATTACHMENT_HARVEST_20260208/ATTACHMENT_HARVEST_20260208/nodes_merged_label_counts.csv,.csv,1047470,1770586907,3087ce17
ATTACHMENT_HARVEST_20260208/ATTACHMENT_HARVEST_20260208/nodes_neo4j_admin_label_counts.csv,.csv,668002,1770586907,9fc4d556
ATTACHMENT_HARVEST_20260208/ATTACHMENT_HARVEST_20260208/authority_canonical_prefix_counts.csv,.csv,31,1770586906,7b53c400
Emily_ExParte_Attachments/20250812_215509.jpg,.jpg,8742729,1770586906,3179b1ec
MEEK2_CUSTODY_LITIGATION_PACK/Emily_ExParte_Attachments.zip__unz/20250812_215509.jpg,.jpg,8742729,1770586908,3179b1ec
Emily_ExParte_Attachments/20250812_215733.jpg,.jpg,8480353,1770586906,3ebc9b0a
MEEK2_CUSTODY_LITIGATION_PACK/Emily_ExParte_Attachments.zip__unz/20250812_215733.jpg,.jpg,8480353,1770586908,3ebc9b0a
ATTACHMENT_HARVEST_20260208/ATTACHMENT_HARVEST_20260208/ATTACHMENT_HARVEST_REPORT.md,.md,9325,1770586906,3041ef43
MEEK234_FULLSTACK_REBUILD_PACK_v20260208/MEEK234_REBUILD_SPEC_v20260208.md,.md,3403,1770586908,a3c3d03e
MEEK2_CUSTODY_LITIGATION_PACK/Pigors_Transcript.pdf,.pdf,334799,1770586906,9eb55e52
MEEK234_FULLSTACK_REBUILD_PACK_v20260208/MEEK234_FULLSTACK_REBUILD_v20260208.py,.py,43661,1770586908,dbea01c0
ATTACHMENT_HARVEST_20260208/ATTACHMENT_HARVEST_20260208/tail_preview.txt,.txt,138413479,1770586908,20123153
ATTACHMENT_HARVEST_20260208/ATTACHMENT_HARVEST_20260208/JTC_PrintOrder_keypages_p498.txt,.txt,1757,1770586906,51eb70a2
ATTACHMENT_HARVEST_20260208/ATTACHMENT_HARVEST_20260208/JTC_PrintOrder_keypages_p2.txt,.txt,1096,1770586906,8ddb5437
ATTACHMENT_HARVEST_20260208/ATTACHMENT_HARVEST_20260208/supplement_docx_extracted.txt,.txt,765,1770586907,a60148a5
MEEK2_CUSTODY_LITIGATION_PACK/Emily_ExParte_Attachments.zip,.zip,17226286,1770586906,ba7d95cf
