path,size_bytes,sha256
DOWNLOAD_AUDIT.md,4072,66e96a16f74870ff9de90905857f5978c5290ca4b8b17214b0879e6614a4f704
README_AUTHORITY_QUERY.md,11224,ac0ec94dbc440517cc69a1d53fc574275ba9422e45680c217e165d01480dd6cb
RUN_REPORT.json,578,92ac66b4d10bac9f04361cf266aa9c20b944f0cbf5021f483a6abdb9cfd2f344
authority_anchor_inverted.json,168231,f9613d118162ad7f76e5f3ab0e4b375edbe5a3cffdb16f8368e7fba6e4a61b72
authority_index_all.csv,1569669,fbb3262fea51fe42f296c2ed51023b35033be7eac143f7cedbc5fd48c5c57111
authority_shards_all.jsonl,17020250,d46ce9a63824f4256e0481ddd221e0c84610289f02e7926db54a7b80adedc12d
authority_store.sqlite,43700224,9ebd5f364fab775f61e6b700086635e10f85e6b12782e6c54d0f70ade3e3d6c3
build_all.py,2018,fca95f947f82f924bc5780ae05f9e30e43a2e5560379e21027bb8f9b2745833d
docs/CASELAW_GOVERNANCE_NOTES.md,232,bb44b1e938dd4a5b435efe38ecae49b01585a4ae48cdd52f3ded0edef58edeba
docs/DOCKET_MIFILE_INGEST_NOTES.md,200,4726465d7a3ce4d95bc790d6e76f8d3259ddecbfd7158f4f851a7df267173c6a
docs/DOWNLOAD_FIX_GUIDE.md,941,847c359fb643b7185c4e8efaa80910061579c89550401c69c2215dc09d6a6338
docs/DOWNLOAD_LINK_RELIABILITY.md,209,ab036070fab4d3fb203903294bf925810bf1fbcacf9fa0005950172e05592a70
docs/DYNAMIC_EXPANSION_NOTES.md,337,fbfde5dd2d9957cb2cbcc5a5af454d355f60c733a736efceecc73baffb7aedd1
docs/NEXT_BEST_STEP_PROTOCOL.md,1155,3942a8a276b70c9b7b350fd672f6723220141976d402d755004804c71faec74f
docs/ROUTING_NOTES.md,76,c5ace1ed0652b76554bf8d46a1e3b36b22443fae77da30853fcc88ca4f85551c
docs/V11_EXPANSION_NOTES.md,127,2d0230610f8aa481208adce2ba5abf2faec665a154fb72dd2e77949ed3dcc150
docs/V12_EXPANSION_NOTES.md,364,67e8c6988bdfb92c3747364d86452c1ea162485c28b0dc89de8e988a4e1c5af6
docs/V13_EXPANSION_NOTES.md,315,6faa21c949103a2e33a20b3228db63c4e4f352074fbfaf4bd9dbde6b944498d4
docs/V14_EXPANSION_NOTES.md,447,8da7c4d01c6d0dd2ef0f5066cba265450214ce1b5869d8e433178fd477370aaf
docs/V15_EXPANSION_NOTES.md,160,c491b5b0da8c67b23be6491b5683d7f4eaca4d631f664fed943124d45775a381
docs/V16_EXPANSION_NOTES.md,304,28f104e46a6161ca774691187f8ce31bcc1f21cf597775fa4c5d21e78ef096c5
docs/V17_EXPANSION_NOTES.md,305,23fbff49e84de16994e5b7b8e1809fb31d395687ede4f5908de739eb7ccebc03
docs/V18_EXPANSION_NOTES.md,332,169766a07cac7f1e386524ae9922ed1981504a54d54d0bd49850328cda35218e
docs/V19_EXPANSION_NOTES.md,387,10113b6766a72fb00ff02b88dc18716ce3f65ffc6b81cb425f2fbcb2f6557438
docs/V20_EXPANSION_NOTES.md,468,2f3eb9fb66a5b3cc71ee1031d88a95307b6d119c58fd3ed6a432f489ac54628f
docs/V21_EXPANSION_NOTES.md,248,b4128f582fca36133ac5166db7ff6f4267d5af9a37b663fb2d7fbf51c2a83888
docs/V22_EXPANSION_NOTES.md,204,c6c014b8293475dc1ad279b08167f7e7356bc1e08dae3855a71100c8fe4ee105
docs/V23_EXPANSION_NOTES.md,304,4a5a8f78944d496052f2ac585d17e8421a391909be1d42b71fe1a14df3379bd1
docs/V24_EXPANSION_NOTES.md,384,4c3418707a49eca821748ed82687eb491139f44f83e0b001bb420b301e11b55b
docs/V25_EXPANSION_NOTES.md,534,d847dab5f8c31d1ea01cdd40459058e43ed583b0762c152039309c0a4e3d0fb6
docs/V26_EXPANSION_NOTES.md,513,e783d13322bbf46e86a2c67c53353a9e192f4510e2fd32a33ebea7925b278661
docs/V27_EXPANSION_NOTES.md,578,aa61338b455efada409c340083e9c3637012bd0887f8e11a196616b1774b9533
docs/V28_EXPANSION_NOTES.md,532,e98f2c8c2a9e7f54d1d7364c687e8783b8f3a9d6ec092b2b9b66e46770b5713e
docs/V29_EXPANSION_NOTES.md,647,c08d971a5a122d1fd9cbaa798f11863e74e8b58f44af089c49228097c263cd07
docs/V30_EXPANSION_NOTES.md,443,ab6e1b14289e6810c31314d9de1ba0b5c90edb25d0b00fa98b7979bcbec01e38
docs/V32_DOWNLOAD_AUTOFIX.md,676,86b303d8bf307af3695c4db1df31080609ef36b46644b22090e2a40593922fb2
docs/V33_CANDIDATE_LAYER.md,324,86e376c80d4a1cfbd105d3fffd0c9f570c583c15af57be1ff68df1e56b3ab2c3
docs/V34_V38_PIPELINE.md,526,e9ec0a8ca02b61ad6aee248a77a8ef43007bfa1d12fa3e91fe7819de433ea6c0
docs/V39_CONVERGENCE_HELPERS.md,351,f971f7605c901584e56600961e1b4357e0ce8e3d15f66d1f224c776c1e2e6883
docs/V40_CASELAW_DOCKET_GOVERNANCE.md,227,8c873cdbbce56f353300fdc627ca42a234cb79adc94b0ce034bdfa4197eb3b88
docs/V41_TEXT_DOCKET_AND_CASELAW_VERIFY.md,406,b1845058716b1eacb308681817b0db2c334e8561375d207ec961e7a4d3e24c2b
docs/V43_TEMPLATES_AND_EMBEDDINGS.md,510,45f0ffc8b36d238ebc9f170feed7ccc3fdc53e47a6072bf346ec3e2c5601833e
docs/V44_RUNBOOK_AND_EVIDENCE_INTAKE.md,341,d7ed1457d270cf4a12b51246eec68e53736c3d8ed67d31008f129b15f360c117
docs/V45_MAINFRAME_NEXT_AND_EXAMPLES.md,331,6d42a38dcdeb5f3ab2ac9da39ade5b2a5404ad35a77f7a52988ba4568baf1b44
docs/V46_FACT_CAPTURE_AND_QUICKSTART.md,289,fc808094af9e5eccd0bf895fcd979ab59486b5274b7ffa4d9b399a7dee74d31b
docs/V47_LOCATOR_PACKET_AND_HF_REGISTRY.md,486,61d645e478848f89cffaaea8a4f5a6dd1a0e9e78cfe2ea1a2b2417c311273670
docs/V48_DOCKET_AND_CASELAW_GOVERNANCE.md,462,5f65fd23558ad91cc78db3cd0fae21bd2805793cd2ce6f6c28ec5ecb23015d92
docs/V49_DEADLINES_FROM_DOCKET.md,405,949e4f637321769ade4996b290c00ef90aa4f0e22446fa68e0ef74a53b8759f8
docs/V50_CONVERSION_BACKENDS.md,574,d9d361a4c9aaa6f92379d280ec21a6937a19e69194a9ed565c7c1c4435eee2a2
docs/V51_SHARD_BUILDER_WITH_FALLBACK.md,578,c09164b26cacc6a89c9fd2acbdbe6f60afe34c0ddcc487498fee95dd9d8edd5c
docs/V52_FINAL_CONSOLIDATION_BUILDER.md,657,6214a22e7acec6c9817e411cd508f73c878fd4b1e349c43dcbc1ce7b88b8bdd7
docs/V53_BUILD_ALL_ORCHESTRATOR.md,406,7bbc543534edcca9dc15764c8f31374d8dde499c6e4316e41aefeab8842f6ee2
docs/approvals_template.json,318,fe2ca7760066958894df91746ca2bae72b1f03ff6f9e118174f974237f7de83f
docs/caselaw_citations_template.csv,153,fec9fb89a9a6a82ef752f1dc1d410adc9bd90b17f0f833acc5299ca05ecd243b
docs/deadline_rules_catalog_template.csv,179,e68da2c602d6a1bb3092e8ce5c2fd0a03634f87113ac110ada43539076b226be
docs/deadline_spec_example.json,434,a991870e206e720cfcd1ee3fd2f9dd3267a069600c195d4934fa8aff745eda9b
docs/event_service_map_template.csv,41,751d829060ce83f701002d68bfddc683562eb0f3d0ea1b81564fab5a72a2f6a1
docs/examples/caselaw_citations_in.example.json,148,16505c752cc7d7c1aad952ff64cfd19a037a3ac73fa03bd3ca774e0feddacc2d
docs/examples/caselaw_verification_in.example.json,299,1a568c14a180e6729b308a4f3293318e7c74441c7d566d0b3fb2eabc6c4b09b4
docs/examples/caselaw_verified.example.json,273,c0d71db4026b7f865e5ca51bafb58fe8a861128d1376dafa8d9ac7423fee2abc
docs/examples/deadline_trigger_map.example.json,420,26c145f0ff7ae494ab86c3b85a0ab3ce4ce4d43d6793ec46589bf97a4f6c824f
docs/examples/docket_entries_in.example.json,231,f670b8672b70e3ad1c377f19298e393b6b0541295459386b5fa6e2aeee81ebad
docs/examples/docket_ingest_in.example.json,174,3152b6542615a20c608d3204a648adb80a2dc8a21546d1c1e0bb77cadb88f415
docs/examples/evidence_intake_in.example.json,299,0cfd0144ce74ed29600057e6d92596e07588f79598fc72cd86cb66dec14db32e
docs/examples/hf_models_local.example.json,213,56dd4e060227741ff6513feb462c5447caf01a65a52292accc921708dc3ff32f
docs/examples/intents.example.json,284,fee6c39cbcecfb18d3ab105ee29abfc7ca01de8d50a30d8d60d435dca6ad02bc
docs/examples/propositions.example.json,232,6f4d96f587344732839fbe2910f86a8e83d19df20cf2202e2f03c621f4e4db19
docs/holidays_template.csv,46,6075680c2e9a10d4f48bb634640335050dac9237ae17d793ca60487529c4e547
docs/lens_terms_claims.json,580,57aa87e8d7e8121bf81fb4dfeec93af7ae36c575696fe0c1d00200711180bc2d
docs/lens_terms_filings.json,581,71f9c0fb0122bb63d5c41bb10adef03972c2bc0f5a2c6f6535e5ab8273955969
docs/lens_terms_judiciary.json,669,7dad41c5fc0aa11fd760e0d1a0562a9c93a2c0e877d8d149115a7c3645496afd
docs/roa_export_template.csv,92,8dce85d14dcfcd6f8fdc03d5d7a0b4b57037f1e5421d4f7c7028b1d78df9c9b1
docs/schemas/approvals.schema.json,157,ce34d45f00800cb01e75520dced07da32289d212a7b9c03751866b6b2e783dcb
docs/schemas/authority_anchor_fts_search.schema.json,66,fd3106c086787eedfeb8f049831bf35a4a04483424431943e1bc57d2d4f6c256
docs/schemas/authority_anchor_index.schema.json,124,ad4b53d3136dfaa9505a2adbe78528a7aa2c1627a2e3d9381c1c82ff19ea625e
docs/schemas/authority_anchor_search.schema.json,66,fd3106c086787eedfeb8f049831bf35a4a04483424431943e1bc57d2d4f6c256
docs/schemas/authority_anchors.schema.json,395,97b1d3fbb70a613be4200dca7fa208a6ac31e685d4282ba2da0710505118ba50
docs/schemas/authority_coverage_report.schema.json,68,76698f5cb60ca55933dc24fd29b1c5d264ff8ed0a7fd3d90b38f3d16046af9e0
docs/schemas/authority_ref_validation.schema.json,96,e6880c6a047aafd9f9e8faabc56a9a96f729e6597186898392c1a30b081c463e
docs/schemas/authority_shard.schema.json,497,78a4df06e1cd1d932826c1e1c18b1052dec33d801cf44c72183174999c7b8a9b
docs/schemas/caselaw_citation_candidates.schema.json,381,fed86ef41979d8313c4754b164605649fb94a9e235b615521b84a2abf0a77d27
docs/schemas/caselaw_citations_in.schema.json,737,fb8ab0294a478856810621784f5840cddfb875db378949ff0e782d75addd6b7d
docs/schemas/caselaw_governance.schema.json,145,49297fd0661fdb9061006fd4a5a6f7b96ced8d3d31ea5c0f883a7e7a1fa4b5e6
docs/schemas/caselaw_governance_out.schema.json,870,5e00abe2991f0001e6be4831f390a58634c0ab78f61ee9ab02ebf35b281d4045
docs/schemas/caselaw_verification_in.schema.json,897,6aa3ce8b86d91ac097ffc5749c450bf0b7425cd1ecdcc7a24bb40757b3549122
docs/schemas/caselaw_verified.schema.json,978,3f30749cb838d36c9bad50d6420ba7ac18ea42bbdbb668b86d5ae89720e86076
docs/schemas/claim_draft_candidates.schema.json,132,680eb429859b6e90dd79bdb21368bbb0574f165e0e728728952c785f2f2f551b
docs/schemas/claim_packet.schema.json,431,dbf87b2ea7e3b6e04e7c01c1a611533fbeb898021d250bbe2ebbeb96395ae4ba
docs/schemas/deadline_rule.schema.json,210,7d57bd7a138715f8afc40bb69a0acdf525165375bd36841ebdf0dd366a8e289c
docs/schemas/deadline_rules.schema.json,151,d45569bff3b16c0c65600b876a382dc5d61b29a35df55d5e1b6691b452d8f55f
docs/schemas/deadline_triggers.schema.json,123,b98e2bac222d21a5698d747e187fddd04282c031fe77de26cdce6e5a34867043
docs/schemas/deadline_validation_report.schema.json,89,baa5e09275fd13416cc0c07e83581be2ef1a82d16af1255dc93cd2f4af940c59
docs/schemas/deadlines.schema.json,814,aa4ce83d30bec0ece974f071ffa8384ee88d455fd110b981c6fa811962eec714
docs/schemas/deadlines_candidates.schema.json,122,532deb5c7cb59fc275581dfcd3448baec5e2eab516e660ac0f573863db3929dd
docs/schemas/deadlines_out.schema.json,1458,1de428c714d71cf672f3c199a289f71fef0d41dcacf6512b1a5da0e7b6dbf8ee
docs/schemas/docket_entries_in.schema.json,682,8b73f325a70ade71e604cf17a1d99aa823f6d48bb79bd3f10e76c3c64cacd1ae
docs/schemas/docket_events.schema.json,136,29e8b2ac794d36b00fe2aae5e3e0fe626b4db616ddd75c17d79418797e30fd99
docs/schemas/docket_events_candidates.schema.json,610,424cef3576623ba273f1634b6122e2d3358d0ccc6be699292a19618ac130aaf6
docs/schemas/docket_ingest_in.schema.json,694,c8c01a105f8ed71b9fbfab7b2eedc0168cc6818143957aaa0c241a548d41d968
docs/schemas/draft_validation_report.schema.json,310,edadb90a47fb42fced71350f3f30e952d89a9f6ae96b8ae0df3c04c9b8138b5c
docs/schemas/evidence_facts.schema.json,286,52c56e9044851bdb250d91307bea61c872993c3d83b5f9caa3eb273f3c247257
docs/schemas/evidence_intake_in.schema.json,916,570ecd83fac1279118e24d8b7b325c24e9a3970a8c6f4709add8666414d96192
docs/schemas/facts.schema.json,1375,fd89ef70b9d7a65d8fde220d5499d85188a5deebe4b8d12cfb728a645a26bb49
docs/schemas/forms_index.schema.json,132,e5dcd1e8b1bd01607e3a9f54c3fe5296c7e7c5b74e9f7d8dc2bb17c658f39199
docs/schemas/hf_models_local.schema.json,792,6a3c4bd6d8c746bf5d43c9644d11aa04e1e26a794eca7770346166c2f2cfbeac
docs/schemas/holidays.schema.json,54,dc0fcb50e5e924dcf13cdaed7bcc63a439a12939147e19250c6d7a4e4f8fcfe4
docs/schemas/intents.schema.json,668,ecea355934518c02b51519c5678d62ce1eaee16871b485c98a36749e9f06e765
docs/schemas/issue_packet.schema.json,157,c03e188a41a56bc179012d5510f7b027d24fb6bab7e84917c0f3e4cc2d26e933
docs/schemas/issue_packet_validation_report.schema.json,89,baa5e09275fd13416cc0c07e83581be2ef1a82d16af1255dc93cd2f4af940c59
docs/schemas/litigation_concept_candidates.schema.json,403,de9b5d4e224702a8ba3072a89eb2755b09b8f7d48b92c9f408a991c0ae281391
docs/schemas/preflight_report.schema.json,122,b833aab70bf6f8f65345fa4e9a4c8cdc97c4469115d21a64e5a66ea2c1984920
docs/schemas/propositions.schema.json,623,447b6b485a0d04c911abf0c7fcce0d2938626f39f567d4827a3bc4e6a38ffce0
docs/schemas/redteam_report.schema.json,89,baa5e09275fd13416cc0c07e83581be2ef1a82d16af1255dc93cd2f4af940c59
docs/schemas/reopen_recipe.schema.json,107,58b2e3a4aa1b85c9d7b68212a1ca19f5cccaabbd24a2289efab2ba2b618615df
docs/schemas/service_method_rule.schema.json,64,96e38b7f9d6ac2d0454e7c737252ead7bf195b84a74f1f30c3b7ae67c5962e04
docs/schemas/vehicle_elements.schema.json,430,7a0a0f686dfce2645282b4cab482dfe0bf4bf9884b5bf30e72ee5ee02a545f95
docs/schemas/vehicle_intents.schema.json,57,c298f00d65bae56ad5b6b792f692f2b8dcafdcc9efb7dcc0018958c1641d78e9
docs/schemas/vehicle_registry.schema.json,917,22faed7962338420f4f08431633fcb4019941bd6c4275a460b4b84840ecd07de
docs/schemas/vehicle_router_candidates.schema.json,90,0a3dcf932706cb70832b8a81830fdac767c3c12932ab81871957ac09ce56ffff
docs/service_methods_catalog_template.csv,125,4c1db7a591d9f702703823bcfa089518c726c31af001cd32ba631a13cc5c4c23
docs/validation_rules.json,744,09c7fd0a5552a3957faa98465576c250dfdd12a250cbfdef51abf372f59d9b20
docs/vehicle_catalog_template.csv,215,7a3d90a2809f687b75ff86b6d22695279118b1a475376ba68503738b6c998775
docs/vehicle_registry_seed_v35.json,106,33fb742e9ad8270b1127958088e6d50ea38a7eb3d45b61abcc930f4f14a73a85
install/install_bin_fix_watcher_termux.sh,455,e370324fe44b731bb4a7188f4b47aee6f8723d23ae614d4bb046098aeac2728f
install/install_bin_fix_watcher_windows.ps1,1388,fcb99e416b2fe7f1eb94a29180bd0e6f7fb3cfc4a1b212275102d30563c90f4f
manifest.csv,35834,e595ffc3e1eb97ef53e07b812155a3b9490c69897fa00a09989bdbed3bc75c8f
manifest.json,58523,ee43270a85cfb30eeecdb47dd4a70d5fa4eab13256f5d0fab35a799efd592d86
outputs/_demo_forms_v28/FOC-10_Motion.txt,39,f3800c594d3d0871b528eac0ac4bda26d8448b2b53a849e911223a530e0d8b22
outputs/_demo_forms_v28/MC-01_Summons.txt,32,33fdb9e253ff3cc3b713c0721994148cbff322fd559499225911f326fe610282
outputs/authority_anchor_coverage_by_doc.csv,235,1d79692d84deafdb519a3ec0fae320f2900993288d80e90ff13ce604c8e6e90e
outputs/authority_anchor_fts.sqlite,4964352,04956b05dc97c85111d645a1289d62beee53d7497cdc1515db7bbf567c179cb4
outputs/authority_anchor_fts_search_demo_MCL_600_1701_v30.json,133,bab0e04b164803cc8a5e549d9169e86d9ab775b0b26734b2d0964f9b644f15ae
outputs/authority_anchor_fts_search_demo_MCR_2_003_v30.json,127,72f7145cf9ce8175e3d8e345632e6db2089b175b8c56a945388ed0a15e92c525
outputs/authority_anchor_fts_search_demo_MRE_901_v30.json,11383,3669b23c3760f366d187424f93c8531607fb21f8295bb6b3dee89b621bafbf14
outputs/authority_anchor_index_summary_v29.json,105,8f3c6bf8e42ae2efcf5ede483b2ea0d1935cdd7bd4d3fef2e14f7ca72b4f8eaf
outputs/authority_anchor_index_v29.jsonl,4184799,e105a3c5acfd1c2cf4bbdb46ba4cdaee5bdc07358c7669d4878fe36f37767f5f
outputs/authority_anchor_search_demo_MCL_600_1701_v29.json,7534,03e31af6bad2b214153c638422ff4e469aeeec6b0069bb0bd7aa58f3a458126a
outputs/authority_anchor_search_demo_MCR_2_003_v29.json,6948,568946bf37ddcbf8a3db28c6ff504ae8903adffb49d075a9114ea41935bf6da7
outputs/authority_anchor_search_demo_MRE_901_v29.json,7758,99d53f5a6664fc2753cf41592ca0e0ff64b613b891851ed5f23f97a58a48fe45
outputs/authority_anchor_top_tokens.csv,25970,3b974b8ef789e1dda570fb76ad9c6e7b85d790717b9386e1f6916608f5daa069
outputs/authority_anchors.csv,594089,4c253a70c2d53767307cf30f93194eb01a8639e00c98d3136cb14f889c910839
outputs/authority_anchors.jsonl,835145,651821826bbdd978cca2b1151eff3a0f286f370c1c1586dbbf08f911971c339d
outputs/authority_coverage_docs_demo_v27.json,2813,dac2a40ddd88dbdb4d32ecb32b22ae185fb81ea500e8da4fa44f6164d42364d4
outputs/authority_coverage_pages_demo_v27.csv,32253,4eef134470f6728d3210b97be0214a94027a8f3a734992f78352ae9d5974c629
outputs/authority_propositions_candidates.jsonl,1249208,5ff6fc34bd42917c6b86b4d6a5f04fc1276b1cc2d99544ec543644ec41c3b316
outputs/authority_propositions_candidates_v18.jsonl,1122064,99786226031876d37cd5e1449dbc2b27ba9445e55697bacc4bac4e739fe2281a
outputs/authority_query_hits_demo_v23.jsonl,5239,d4e3a086190df31890d0fd04b9270c9cb569af768ef6352b60d962c5d205ec43
outputs/authority_ref_missing_demo_v27.csv,27,8e33a4a6f38f9cbc497ccf18b37173bebefd3dbe61bd9cf8b2e432eb8ee48fb7
outputs/authority_ref_validation_demo_v27.json,66,72f691a2d3272e3ff3ebaa53df70eaca14e613f3e0ae67796da1962edde23048
outputs/authority_search_sample.csv,2073,2242e8a5a246ff3988d6c7562f40b21ec3461ec27812645dfc741baa58e055cd
outputs/authority_triples_candidates_summary_v33.json,79,a4b9a7ffbc950f1fccf4f9c0170b97d332d56047e1fe86694384451e34abcb27
outputs/authority_triples_candidates_v33.jsonl,0,e3b0c44298fc1c149afbf4c8996fb92427ae41e4649b934ca495991b7852b855
outputs/caselaw_citation_candidates.csv,56,e377b51159c44e6db369db49d9d18be7641513f6bfcf0c8ccaafbb0b3b2ecd10
outputs/caselaw_citations_demo.csv,153,fec9fb89a9a6a82ef752f1dc1d410adc9bd90b17f0f833acc5299ca05ecd243b
outputs/caselaw_citations_example.csv,141,e8039531414b62307514a946c0e93d5c0a4fcf18ded2b28e7a9060fc938c8206
outputs/caselaw_citations_governed.csv,359,39d75b0e0b4b77889c9bfae9b9a36968355b9256032df5cba710442be39fe381
outputs/caselaw_citations_governed_from_extract.csv,152,e244929ff2f069aea9ee40cffdb2f5b114f78af18c0bf1bff9b5c9434e5aefb5
outputs/caselaw_governance_demo.csv,218,7a951212163888267173bcaf50c3a966e2f583326b4d1dbdbbc554196662f76e
outputs/caselaw_governance_demo_v25.jsonl,423,bb725ebc987e862be992d7a05ceb8fc981a688c15f7bb207a185a8911af1b519
outputs/caselaw_holding_pinpoint_gate_fixlist.csv,26,40fe7b691c296f8ec71e0e4d450c14d1df1da6a485b45a5c5e30f3402416218b
outputs/caselaw_holding_pinpoint_gate_validated.csv,41,2c5c447710c9cfbd7b6844621a9813b06545a552f0191ff087ad66deb02dedb1
outputs/cases_demo_v25.jsonl,177,bd0a08abfe9b61c6bc5a33d8385a8e831c737274864487db41029143141b38f8
outputs/claim_draft_candidates_demo_v28.jsonl,379,f421c06114c015396475ecb89a9a3c106b7429f504fdcca237e99cbf59a24971
outputs/claim_ground_candidates.csv,15502,0edb88355467f77711933cd1f70d5d7592177f343e2a18e40c94ecc4b44e80b4
outputs/claim_packets_APPROVED_demo_v24.jsonl,2473,5cc4f4234af72573c37e3168304800eb612c5cb0307f1ae0e38570371a64b5af
outputs/claim_packets_PASS.jsonl,17911,6130dc0a87db48fd1ca41b08537fd5c435f938e0c211fe527b43525d9a83e0fb
outputs/claim_packets_PASS_v18.jsonl,14303,be19d8022e7f93772888cf292987daeb49fd382317e3b8642eef571a834d053f
outputs/claim_packets_demo.jsonl,0,e3b0c44298fc1c149afbf4c8996fb92427ae41e4649b934ca495991b7852b855
outputs/claim_vehicle_routes.csv,3140,f14266a2370012e885905a002d818290a4aac09f27e7295283f8a67d42dce334
outputs/deadline_rules_demo.csv,179,e68da2c602d6a1bb3092e8ce5c2fd0a03634f87113ac110ada43539076b226be
outputs/deadline_rules_demo_v26.json,245,af1f5b8cf3299ed67e3d24c7edf1b03fde04c5fa9af018ed29d034482d54d7de
outputs/deadline_triggers_demo_v26.csv,471,1d27264295d2f7ef904ad0add8b08c4e49145f0b479ecec5e9e12f85f81cb9cc
outputs/deadline_validation_issues_demo_v20.csv,17,5531086b90b2feafee822f7c58280077766bd192c00250a88f6acf8994a8f1f3
outputs/deadline_validation_report_demo_v20.json,58,9b69bb24f39a7955dc7b5ed627e73eeae8f5ba594550e9f8f048ca5c4e5892e7
outputs/deadlines_candidates.csv,110,cd135fee5999ac1e1f86ea711a7e5b5634a1bf43732c976df9921ee65f03cff8
outputs/deadlines_candidates_demo.csv,291,059ae7101ae28de0e7994902f8c89d306ef7831d5d397fed8ef31c09dfdba859
outputs/deadlines_candidates_demo_v20.csv,349,2f8d1e77526c03b95db95132427aa5651711d49dc486c161f59a4786f24cc54e
outputs/deadlines_candidates_demo_v25.csv,558,8673af3a03f372e240f90d06eb233681ef112359cbaf0227e18a03dbb868a092
outputs/deadlines_computed_candidates.csv,110,cd135fee5999ac1e1f86ea711a7e5b5634a1bf43732c976df9921ee65f03cff8
outputs/deadlines_computed_demo_v26.csv,438,6b49ea24f2d7b4caaef69bc66415dd3b6e74e1d7f876e00300bd6639e2b1adb5
outputs/demo_propositions_v33.json,277,e2ec2bd3e35a413d2adde8b2f3d899d2f2b9a38cf2ea5a16414f1416daca4a88
outputs/demo_vehicle_intents_v33.json,186,dce81a99adc01a34aec668bd1e544549d77afdfc3e7ce518203aedb15e5d9435
outputs/docket_events_candidates.csv,533,7ec56744326dcfaa8a04a6b9d6dc7eb3c512e90f198fbad127e74488a44edc20
outputs/docket_events_demo.csv,137,df7c0e5fc735aa950a03d0ae928c74cd902898b79b9e7f553583f1d3cdaecf82
outputs/draft_locked_demo.txt,12642,97cffc885733205bb938303f52ff34a6900afddb5a5f45e77e47790235a3fa37
outputs/draft_locked_demo_v17.txt,12687,216596621d6304831f74c3e7ed631a78410b5f7e05bca000890347fd5f0bc60e
outputs/draft_locked_demo_v18.txt,10127,96fde90a09161910e19be657acd00c691d3d3bd506b4558bf562005b7468642a
outputs/draft_locked_demo_v21.txt,10110,3373e8f3aae4b0c0f49a6ef2f1f5ac47f20c1f975059d95c1d56699b312e7c18
outputs/draft_validation_issues_demo.csv,7301,5d1328974740a7915cd213d44ad53c13c743940464a0d27356965f9c72654ef0
outputs/draft_validation_issues_demo_v17.csv,7362,154be259b94ca3654afc286423dffd5d2dd1ea247a3c95c5b9ee7008865eb3e8
outputs/draft_validation_issues_demo_v18.csv,23,e00b7ce467f861e1b36267c1669ddf27eb5fd798ee5fe62baa628ac03aa34b7c
outputs/draft_validation_issues_demo_v21.csv,23,e00b7ce467f861e1b36267c1669ddf27eb5fd798ee5fe62baa628ac03aa34b7c
outputs/draft_validation_report_demo.json,8824,96da2f00736f00301903a670dadee7cf0fd2297338fcac69f10abe0f2d7de0fb
outputs/draft_validation_report_demo_v17.json,8806,9e36c9598bd2f17415d3105d4c423dcd779c5823b8325a331fed4e866fd14e7c
outputs/draft_validation_report_demo_v18.json,58,08eda3036ce0accecc0f3d994f50334599796656a355e92adbbe44f9053107c3
outputs/draft_validation_report_demo_v21.json,58,08eda3036ce0accecc0f3d994f50334599796656a355e92adbbe44f9053107c3
outputs/event_service_map_demo.csv,41,751d829060ce83f701002d68bfddc683562eb0f3d0ea1b81564fab5a72a2f6a1
outputs/evidence_facts_candidates_demo.jsonl,202,2ee92fdf0bfe2b331ab91d0d4c9bbbe2ac7b0ddb995f556b2a7032b6c087f35c
outputs/fixlist_claim_blockers_PASS.csv,20,72af19f7f4f5c993d978032b3706b1d049a7effa672fc3d36b7880201538d6b1
outputs/fixlist_claim_blockers_PASS_v18.csv,20,72af19f7f4f5c993d978032b3706b1d049a7effa672fc3d36b7880201538d6b1
outputs/fixlist_claim_blockers_demo.csv,301,442b14b756e775ce16f66373f056c8efcd20c4f17189cb816a63962d2ae271ac
outputs/fixlist_deadline_blockers_demo.csv,25,c1e36017817168fe5b3e0ae3c9dcd5d856a4b7a1b99314e51c4aa01b3ac20254
outputs/fixlist_deadline_blockers_demo_v20.csv,41,a842f98afcbe8191e7d8eb8aca1b2e3ef69306b1a166bcc1ef1b84675b466d2b
outputs/fixlist_deadline_compute_demo_v26.csv,16,a57f3d80d851fc94ee64377f13b7eec9459a79709d5883308a9b5b996e209afc
outputs/fixlist_issue_packets_demo_v23.csv,16,a57f3d80d851fc94ee64377f13b7eec9459a79709d5883308a9b5b996e209afc
outputs/fixlist_promote_demo_v24.csv,16,a57f3d80d851fc94ee64377f13b7eec9459a79709d5883308a9b5b996e209afc
outputs/fixlist_vehicle_blockers_PASS.csv,23,f6a16f549414bacc2bac43df791e63851c368d7aae97fd9026591a5a08553898
outputs/fixlist_vehicle_blockers_demo.csv,140,a92045c14683a949f3ee5bfed3c8116ba98a468d16f66cf249a4036f6b6c5bb6
outputs/forms_index_demo_v28.jsonl,469,570ce49051993029ace31dc077a314ee460b8c213dfb9f167858ee2dc21e114b
outputs/holidays_demo.csv,46,6075680c2e9a10d4f48bb634640335050dac9237ae17d793ca60487529c4e547
outputs/holidays_demo_v26.csv,252,09a13faf127c3dbf404550c2b9a6f9eac0230caa7b5848d4585ac568a9d10421
outputs/intents_demo_v28.jsonl,137,f79e68e2d1c6a95fa06f760f18d841153f5499034dca8ece5c3dacf1741b109e
outputs/issue_packet_validation_issues_demo_v23.csv,13,bc09e8d32682fa247ee0fb4874bb3b8f70a0ae734f6ac33ac4f8f0620edf9a61
outputs/issue_packet_validation_report_demo_v23.json,58,9b69bb24f39a7955dc7b5ed627e73eeae8f5ba594550e9f8f048ca5c4e5892e7
outputs/issue_packets_demo_v23.jsonl,10024,02de11eaca16ff87de35b51e421287b5755daa64e0aec12e13b6b883d09fcdc1
outputs/issue_packets_demo_v23_with_ids.jsonl,10638,db24dba4891086313892d3886cb84431c1f4881edd9399a010cb43d625c2626e
outputs/judiciary_terms_hits.csv,24549,ba59da7b037958363aa591be425668d264469f0bd487a7aafb2306d2ed6c8edf
outputs/litigation_concept_candidates.csv,493362,7a6622eab821ca3f80914dffd4fe126c1f2fe4f4ee8efa978eae732af8d837dc
outputs/mifile_receipts_example.csv,167,831b931a98f516d90487db01458e2c82e3229b027b4862fa933d8810ce647176
outputs/neo4j_export_candidates/edges_candidates.csv,5835,fb539b5131096bfad175501f9fc1028e5e2c235451a5fab39ecb769c785bda71
outputs/neo4j_export_candidates/nodes_candidates.csv,4227,0caa6e76650619ba022e8aab26971db0ab9526cf9225693d6c565d4a2c5283ac
outputs/preflight_fixlist_demo_v21.csv,16,a57f3d80d851fc94ee64377f13b7eec9459a79709d5883308a9b5b996e209afc
outputs/preflight_fixlist_demo_v22.csv,16,a57f3d80d851fc94ee64377f13b7eec9459a79709d5883308a9b5b996e209afc
outputs/preflight_fixlist_demo_v25.csv,16,a57f3d80d851fc94ee64377f13b7eec9459a79709d5883308a9b5b996e209afc
outputs/preflight_fixlist_demo_v26.csv,16,a57f3d80d851fc94ee64377f13b7eec9459a79709d5883308a9b5b996e209afc
outputs/preflight_report_demo_v21.json,105,e199da2757f615e1fdd17ab3888c6822ced604f4b61dbf2f34654e9c844b79b1
outputs/preflight_report_demo_v22.json,105,e199da2757f615e1fdd17ab3888c6822ced604f4b61dbf2f34654e9c844b79b1
outputs/preflight_report_demo_v25.json,363,45604cc338a1eb324e04c3c9cd7221840d8373176e8a37b7be20ca54167a57f5
outputs/preflight_report_demo_v26.json,105,54ca8cf8c782405fa39129f9dc534e627077b024ca9c0d7b8cd9c1f1e827a78a
outputs/receipts_demo_v25.jsonl,68,613328c80a313e4c4b0b2aafeb5105310b4a66d57d559e309dcf60b5e1a677c7
outputs/redteam_issues_claim_demo_v24.csv,22,ccb3220c70818b4b6bf4426490aa51310000f63394beb302b42603ae803ae75a
outputs/redteam_report_claim_demo_v24.json,58,9b69bb24f39a7955dc7b5ed627e73eeae8f5ba594550e9f8f048ca5c4e5892e7
outputs/relief_request_demo.json,204,2b848c2534e8e72f93d3c59b470ebcef9f80e29803a2aa9e31e163c97cddefbf
outputs/reopen_recipe_demo_v27.json,785,80752316a2e0a005e97e938510a0da79af5e6e34aa35be5e21475d557c3c7717
outputs/roa_demo.csv,92,8dce85d14dcfcd6f8fdc03d5d7a0b4b57037f1e5421d4f7c7028b1d78df9c9b1
outputs/roa_demo_v25.csv,178,04042f3a25a5637b4ac76020a5638c52331d378c557691e4aa25ca4b3fbaf067
outputs/roa_example.csv,225,067bbc83b8895a66cc5a922111e62bf7c0d2f5fbda218a625c34cd5aeba2d5e9
outputs/service_methods_catalog_demo.csv,125,4c1db7a591d9f702703823bcfa089518c726c31af001cd32ba631a13cc5c4c23
outputs/vehicle_candidates.csv,18430,dfdf2d559d2fd417ed33a60145dcb6a32f6aff7aea5f94a5b319dbb9b3a6a0e6
outputs/vehicle_map_candidates_PASS.json,758,3b9aafa25e5f1bf4b6b20ae718c789dc70b93c300ec9c41f4ecdf847be2d67a9
outputs/vehicle_map_candidates_demo.json,528,e8d6e4d20b0019d9e165cd0c14ca0e970d2f878218eef3a1529717f2a8ada726
outputs/vehicle_map_candidates_v33.json,2247,119b92e7f47e3b13bc5bdc456c2517115faebb8ae6bededb54e576346bc86825
outputs/vehicle_router_candidates_demo_v28.json,753,fd9374263987b9d80ab26882ede0dc6fae9bb606eee97f998de8930e37bd4f2a
tests/run_smoke_tests.py,1299,3b7006f32f99ff8aec95161531c90975fe8ff267319a4f28c4201c0ef42fdadf
tests/test_queries.json,364,f5b0884696f23b46d14e8501105c000687976b52fb7eb232d5b6fafc23be48b7
tools/authority_anchor_extractor.py,2487,4dfb9b722e87576d1b0b653b3743b56b9d5edd953ee03c93cd68879705a5cd0e
tools/authority_anchor_fts_build.py,2035,621ec2b8cfb342d44a48597926113ebb80eb63bb7a72e53767deec15297cddd4
tools/authority_anchor_fts_search.py,1907,7b59360f434c3a964a8f658bed1b44ba9694bb77f22d708e293e822c8925faf3
tools/authority_anchor_index_from_db.py,3737,c0689af805e5646c74134b460e04e27131939d652b6b8b387a79bffe31c2ca6b
tools/authority_anchor_search.py,2164,b2893459e5916d8ee42e02ec3b120aa5dd47ea0ddccd59203bb3862468ba6919
tools/authority_coverage_report.py,3682,2698792316ae0ed9ef985bcbf4e50acd5d365ab20dc3d9974b27ec8e791ef2a9
tools/authority_query.py,7752,6a9316d802b46fe3642a5605d6a89c187d8c2279ff77504fddd3187663f7cf97
tools/authority_query_cli.py,3921,7f0adfb8aa19dc2fbe3bc539bab69847514e33ccb68035c5e0e914ad2eecf806
tools/authority_ref_normalize.py,1439,a267b338250c3c79fdd6baa583d94a75dc01e7938b40c4cd1a087a12ed0501f9
tools/authority_ref_validator.py,3346,e07b7d70419703be6edb765229383e90ccd18196df24f31bd60e9c72df54289e
tools/authority_search_cli.py,1856,ce36fe567140c24f0e6b74bf5b89aa56bc73d5037e0a0fa95846ee03a77aa934
tools/authority_triples_candidate.py,3003,a2e70ea0baca6fddbf235d10289063c379cf84e49983eff9004fbf597ee73746
tools/authority_triples_emit.py,1426,9ceabd5091d61eacd8c6557f6baec441b7d173d469311ea2b8fc054a5bf4641d
tools/bin_fix_watcher.py,4585,9c966f10bd128e053c213e36357fab2715e6dc59bbd37bc000f0b60ae6cdf141
tools/build_authority_shards_v51.py,8975,2819babe32b2d882b2493b0164d3c30efa9cba3ee04890a373f920d73ccf7b97
tools/build_fts_index.py,1905,30625f446d4eebdc27a31e4ddc82023c0aa4fe0ed328b9d0c47d77044fed6202
tools/caselaw_citation_extractor.py,3246,1bbf109e2b928537d5b2e6b6a7dfca9732d8f52982e87dcd7fb00b84a49f7c6f
tools/caselaw_governance_stub_v48.py,1262,c7b4b3cb11b252be45cce2a091c30d5bf9d76103a9fff1fc2c80f9569e36a545
tools/caselaw_layer_governance.py,2486,586157880b61246e5ca89757552ed07a0e063e72c5c36e2d45c21b1e5d5ca824
tools/caselaw_layer_governance_candidate.py,2064,54d880e74c379123dfe3f82febc79e5a40a0742cadcb1a519dd1714924a74f6c
tools/caselaw_layer_governance_candidates.py,1550,ed18acaefba9f977a75451768c0325a5bcbe943018243000f0f8dfec8977f7a3
tools/caselaw_verification_merge.py,1614,37ba2398820cf86d2bd44c89412f1bd0094d0007bffc2e84df1e3e67f49c78bc
tools/claim_compiler_gate.py,4111,bc603783710ab863dd80ef7e53b9f20a8140ec808caa60ca0f2119832d74a8aa
tools/claim_draft_candidates_assembler.py,2798,e46401734de64fd2b220fbff54ce1d73c20eb0055cee8211b0d0bf49018a709b
tools/claim_ground_harvest.py,1977,16f0ae1193fde518f11d47b97748c3fe12508f2ae3af3d991d9f7590c37fe9f8
tools/claim_packet_assemble_candidate.py,2454,9ab3a3cad0b933be779d96db5cffd9f654aa7b118bcf8fd88307f04e86094215
tools/claim_router_candidates.py,3971,3abf3fd376ded183d665970659bb10ae4d8b4ae4229984902fd18ef6e2c6087a
tools/claim_vehicle_router.py,1911,81787abd3781855642deaf58fe11e0eaa1654df6b98336deb11d8b572505c1d2
tools/contradiction_scan.py,3159,50cd6348aa6e571f334ae0e6c0b833e993d7cd779252dbcb7711aead52bb82a7
tools/court_packet_skeleton_docx_v47.py,3907,3b48288723e395c6017ea80990b01f25294a23084f171a45794100aa8b7606f6
tools/deadline_compute_engine.py,5809,fd8a03a8aa67424929d9a5e608ff2ff872bc56a6137f369ca3020449d8654625
tools/deadline_engine.py,6548,f746ab366d549976b72250aa4448dade595683ded3a1d450ee0c40fbe2d5e408
tools/deadline_service_calc.py,3750,456fe5b1d9e0f8e3aac1da197bc288b3933d203b17b2534bf766339afd987a5f
tools/deadline_triggers_from_candidates.py,1941,1ffe19360d900c71c9c6789359569c7891cedc8b11683316755978f98aebba5e
tools/deadline_validator.py,1788,b8fc8a6cc7b718ff21b1d85aed04f86c4cf513c1a734ee37056e73400d6758d4
tools/deadlines_compute_candidate.py,1620,ca125ce3425225f15d58dafc8a1f1140c9fc93e4cc8b541b9e4ba8ffefacb9be
tools/deadlines_from_docket_v49.py,4449,8dfa5d9234ce9929057015e3002936837c8a69078a0de2734b9fe1d422d187b7
tools/doc_convert_router_v50.py,6463,e56d1e0571c55692600967f75c68a0f82000bc71e006184b513779eba929bedc
tools/docket_deadline_compute.py,2389,abdfd436bd9407e0dbe554c43d342ee1886ef9ea3dd2865712e9e6b10373bf9b
tools/docket_ingest_candidates.py,3148,370bf7da9564b04ec8d592b08ac6c403470b35d51427f46a5080b8ff3c9c34ed
tools/docket_mifile_ingest.py,6884,bfab21e9369fccbc1923ac4cba4077ade200fe36ac4e959b4a03a77e71b5e2cf
tools/docket_mifile_ingest_candidate.py,1971,893ab349c7398faf25ca242f09418fec09a338e3b5895878a3b3970172c76a00
tools/docket_mifile_ingest_v48.py,4224,c7b0ed2f275eadc73e4f294e7b7674f54b9c46311e1cca75b29b799f7f3d1f1e
tools/docket_text_to_entries_candidate.py,2383,a1a85de66d0a6d9c8bd2d58d85f8d695e07c02099ca37fb30d89162cb3e49707
tools/draft_from_claim_packet.py,2783,672e875855a03f8671ddf6cb934f4fde74645b5d2252aba38688d8d787ee46ce
tools/draft_validator.py,2861,49c98263628cbf37ff5f7e81a04dff1fe895f655aa2f3c99a24b5cc4d6ff699e
tools/elements_checklist_candidate.py,1593,deb0f66a22d3af5bd09024208a4de410b56258cacb8d78ee2a9e3481550fda7b
tools/embedding_adapter_hf_candidate.py,2184,44e19e867f3bc6a329c0108b38507e41bae1a6781f7ae7b9683e55ae54062bbb
tools/ensure_atom_ids.py,2048,7d751a26111dd3fafbb93de689072ded676f04ea5c81ed07014bc51cc00846f9
tools/env_probe_v53.py,1178,71146dc5920d5a613ef2207b2fe1f5217bd9c46784adc06f640007bec29bc621
tools/evidence_intake_to_facts_skeleton_v44.py,1077,fc249b9e195351a6211b702594117c6b427f9b853c359d184f541c6d19a7cb32
tools/export_candidates_to_neo4j_csv.py,3157,1a59ec06e1b03e5d1b3b4b3c677664b386c29c309ec3f28f4bd146ac35603859
tools/fact_capture_cli_v46.py,2661,45e5219f8e796b99c098c783793acbe57e20aeae26350ba38e39e559f496a071
tools/facts_pinpoint_validate.py,3145,41086adfa60b7b008cfe83bc32ae18df8204886c133215132707c5364a594303
tools/facts_template_from_manifest.py,1738,b8b020257a00e251eaa36d09c787fb80d71f006c8bdc8edf2c02378ff5b5c2d3
tools/fix_downloaded_bin.py,3051,0a56e10c7ec55b71879cd64c60bc20bbf882f27bee93144d827a5348f5f7fe13
tools/forms_indexer.py,2509,9f539b50e76b1ebffc35979ddcd4df44dbd966e697accf2af7031debbcfb7680
tools/generate_runbook_v44.py,2091,e6003cbb709bdca2f0916c7b26cc3beea6b6d66e9eaf1542bb3e6d2135c11170
tools/hf_embedding_adapter.py,1787,b4224957133adc662e590ade3152513f95d2480e5e359b46eda432ae38c792c1
tools/holding_pinpoint_gate.py,1998,441ef94bb3df62c24863e51fd478c140732d88e5a31cfe73a91a92fd1cecf68b
tools/hybrid_retriever_cli.py,2904,2de32ff52bf3cf345dea829a9e3c280d394e74df750f0c9f3a6b7716c8ab4857
tools/issue_packet_validator.py,1886,7515c065198f879c86416364677a6060092f225f71e95a797a9adfa405b2c039
tools/judiciary_lens_harvest.py,2233,ee558a2eb048028d03198944e51bf6d56b7835bc5f28fc0b422439c46ee958cb
tools/litigation_concept_candidate_extractor.py,2472,999c8809cfe97945bcbace7a45895f3bbe06034cc68589103e5bccc142362f9e
tools/mainframe_next.py,3144,af046696a9b871e640af10d3872c5c9436b099ab8638184855345cb3c90c5d86
tools/merge_versions_final_v52.py,6721,a33c7d98af5b99b63af277f7883f4ddc8bbf129c06fecc23c507d36d2ca484f9
tools/next_best_step_report.py,8768,1542460344d24de027a0050f528bbcc7748f349617c5e8e77cdabf55b9cb16f4
tools/pack_cyclepack_v53.py,1416,e6659d8fd8a52d45d1c3874cab35a3d5346ed4d99d89d56118cd391a0ef75ad7
tools/parse_roa_receipt_text.py,2188,f2f6dd028d4c031f466b2977c28d4d9e790d16ffbbd117c282b265a16f71f910
tools/pdf_locator_helper_v47.py,5423,eb97892c2c023c868d3fbf784c205f34b65a6acd216b750394ac3b16de636676
tools/preflight_gate.py,5582,53ec8b01ab182299b36aba98ae9190a54bebe2cc973704c0e811999103dece83
tools/promote_issue_packet_to_claim.py,4293,0b04f897bdce0ed41ae65d3f9648690e625d1b4da77b19e8946eafe1f60c5817
tools/proposition_builder.py,3226,25922e6cdd2eaadb7761f14d89ab5d8d1207c5a6e2626c0ef9d2f4300825271a
tools/quickstart_v46.py,1527,f0a9357569387e4e677b955d1c58086ace79d7d797a5216f72165886d4b36263
tools/rebuild_retrieval_indexes.py,1450,3b4a069db692c4050ce5b555f365328ba864e7c04d177b234e0cee8477af36c5
tools/receipts_ingest_candidates.py,2175,9d9a326cd1557641a174ca8de3578d611a47843e8f2fda102ee6a250dd72cebb
tools/redteam_scan_claim_packet.py,2915,e966dc80e463344b647c39744d9c14ead9a7764dd38b357a5c1a95c1d8d55e13
tools/reopen_recipe_builder.py,2235,456ac162a7516bed9db42e9471caf7aa4340a411dba62aea3c0de1a4079c2022
tools/run_claim_pipeline_v39.py,4764,2cd4fb6734bd08389b24e744c5217a7c96392a7d2797b4e0d21f9c8da146af85
tools/run_pipeline_demo.py,2497,fc5d1efa0e13719bee1ad8fcc095565b211479a75aa40ef2d56c6d049ea5d1a3
tools/templates_seed_intents_props_v43.py,1028,b8c8fb94114d86bc3538fb60b7b0d5dbbb9a2fb0bdfc909825013a90cd542695
tools/validate_candidates.py,3238,0172f54d68a21654e53c7883fea4f3405405df482c31f048ebe7e812ae517738
tools/vector_index_builder.py,2682,03f232d05f400c96910bf0b0a564ce09076b703123feb53190f5f9623eab7398
tools/vehicle_candidates_harvest.py,2655,4c5675126457244bfd7f8896b527f52d1c935f173a0fb9ad584e732e1e1309f5
tools/vehicle_map_candidate.py,1978,313bdd8e11cf0b58409423b3acd15905c0edebf68f8578469344c8dfc924ac4a
tools/vehicle_map_scaffold.py,1939,bd7379e0e82938d23941f81eb4332b846dac7e9e6db9b1b9317344c29c5b6e32
tools/vehicle_registry_miner_candidate.py,4444,df23e371c5cc73ff22addcba4bfe437cb517de9abe0660dcf0f9739ce7fd27db
tools/vehicle_router_candidates.py,2011,e2277a31bc00b8e7778c94b1fc6bb7c8a958e899dc1b9a3b816b81d8aa948ff9
tools/vehicle_router_mi.py,4570,a8aedb1a3f43d74de3aab311dd2d5d26de0c075a80c42a2cf3bf38ea28a4bbf4
tools/vehicle_router_registry.py,2964,f2d6d7ac2edfb5b3571e50d8dce8e9d13f72431257ab963c9db673216f70b8fe
zip_inventory_v1.csv,992,b15507ae0672a766014e3e88b16dbbe2a0cd2acde8f58c214651062eb7718d77
zip_inventory_v2.csv,3115,3de29a159e475f17752886565b836764822b56ffe25d35ae6c84e65b90b08d4a
