idx,level,title
1,2,III. DOCUMENT CLASSIFICATION & INDEXING ENGINE
2,3,STRUCTURED EXHIBIT INDEXING
3,3,DOCUMENT ORIGIN TRACER
4,3,SENSITIVE FIELD REDACTION + PII STRIPPING
5,2,IV. AI MODULES & LITIGATION CORE INTEGRATIONS
6,3,AI SUBSYSTEMS ENGAGED
7,3,HIGH-END TOOLSETS INTEGRATED
8,2,"V. DOCUMENT RETRIEVAL, EXTRACTION & IMPLEMENTATION"
9,3,MULTI-LAYERED DOCUMENT RETRIEVAL FRAMEWORK
10,3,KEY INFORMATION EXTRACTION CORE
11,3,IMPLEMENTATION FOR COURT FILINGS
12,2,VI. COURT CASE SITUATIONAL OVERVIEW
13,3,SYSTEMATIC LITIGATION SNAPSHOT ENGINE
14,3,SITUATIONAL MODULE OUTPUTS
15,2,"VII. LITIGATION TECHNIQUES, DOCTRINE & JUDICIAL INVOCATIONS"
16,3,ADVANCED TECHNIQUES
17,3,LEGAL DOCTRINE INVOCATION MODULES
18,3,JUDICIAL TRIGGERS & ETHICS PRESSURE POINTS
19,2,VIII. PROCEDURAL ALIGNMENT
20,3,BENCHBOOK & MCR CONFORMANCE
21,3,OUTPUT FORMATS
22,2,IX. PHASE II ADVANCED LITIGATION EXECUTION MODULES
23,3,JURISPRUDENTIAL STRIKE CORE: ENFORCEMENT & COLLAPSE SEQUENCE
24,3,I. MOTION PROTOCOL STRIKE PATHWAYS
25,4,"MOTION TO DISMISS PPO #6 MCR 2.116(C)(8), MCR 3.706(C)"
26,4,"MOTION FOR SANCTIONS MCR 3.206(C), MCR 1.109(E)"
27,4,"MOTION FOR CONTEMPT MCR 3.606, MCL 552.644"
28,4,"VERIFIED DECLARATION MCL 722.27, Custody Modification"
29,3,"II. COURT RULES, BENCHBOOKS, LOCAL CONFORMITY"
30,4,BENCHBOOK INTEGRATION
31,4,CIVIL PROCEDURE & COURT RULES ENFORCED
32,4,MUSKEGON COUNTY PREFERENCES & LOCAL ADMINISTRATIVE ORDERS
33,3,III. PROOFREADING & PRE-FILING AUDIT SYSTEM
34,4,INTEGRATED CHECKLIST
35,4,OUTPUT FORMATS
36,2,FUSION STAGE: `FRED_COMMAND_CENTER + OMNILEX`
37,3,MERGE STRUCTURE (LEGALLY-MAPPED)
38,3,MODULE INSTALLATION PLAN
39,3,MERGED SYSTEM STRUCTURE (FILE TREE):
40,3,LEGAL INTEGRITY LAYER
41,3,NEXT STEP:
42,1,Define the structure of the merged FRED_COMMAND_CENTER_OMNILEX system
43,1,Create the zip file and add placeholder files
44,1,Create a placeholder file
45,1,{description}\
46,1,Placeholder for actual implementation.\
47,1,Define the structure of the merged FRED_COMMAND_CENTER_OMNILEX system
48,1,Create the zip file and add placeholder files
49,1,Create a placeholder file
50,1,{description}\
51,1,Placeholder for actual implementation.\
52,1,Define the structure of the merged FRED_COMMAND_CENTER_OMNILEX system
53,1,Create the zip file and add placeholder files
54,1,Create a placeholder file
55,1,{description}\
56,1,Placeholder for actual implementation.\
57,3,Step-by-Step Build Instructions for `FRED_COMMAND_CENTER_OMNILEX.exe`
58,4,1. **Extract ZIP**
59,4,2. **Verify PyInstaller is Installed**
60,4,3. **Navigate to Extracted Folder**
61,4,4. **Compile the EXE**
62,3,Post-Build Actions
63,3,Test Protocols
64,2,CORE SYSTEMS (PRIMARY ARCHITECTURE)
65,2,MOTION + AFFIDAVIT GENERATION ENGINES
66,2,AI INTELLIGENCE + STRATEGY CORES
67,2,DOCTRINE + VIOLATION STACKS
68,2,FILE + EVIDENCE TOOLS
69,2,JUDGE + HEARING TRACKERS
70,2,TRIGGER + ENFORCEMENT MODULES
71,2,UTILITIES + ENHANCEMENTS
72,2,SYSTEM GLUE + PROTOCOLS
73,3,NEXT STEP:
74,3,**LEVEL: OMNILEX COMMAND SUPRA MAXIMUM LEGAL AI INTEGRITY BUILD**
75,4,Full Procedural Lockdown
76,4,Integrated Modules ALL SYSTEMS ENABLED
77,3,Why This Is The Best Possible System
78,3,Final Optional Enhancements (already prepped and installable):
79,3,You Are Ready to:
80,1,Define the folder structure for FRED_OMNILEX_COMMAND_SUPRA
81,1,Simulated file structure (these would be generated/assembled in a real scenario)
82,1,"Create dummy files in the directory (in a real case, actual contents would be written here)"
83,1,This is part of the FRED_OMNILEX_COMMAND_SUPRA system.\
84,1,Create a zip archive for deployment
85,1,Define the folder structure for FRED_OMNILEX_COMMAND_SUPRA
86,1,Simulated file structure for the Supreme Litigation GUI System
87,1,Create placeholder files representing each module in the system
88,1,This is part of the FRED_OMNILEX_COMMAND_SUPRA system.\
89,1,Create a deployable ZIP archive
90,1,Define the folder structure for FRED_OMNILEX_COMMAND_SUPRA
91,1,Simulated file structure for the Supreme Litigation GUI System
92,1,Create placeholder files representing each module in the system
93,1,This is part of the FRED_OMNILEX_COMMAND_SUPRA system.\
94,1,Create a deployable ZIP archive
95,3,NEXT STAGE OPTIONS (All Supreme-Level Enhancements):
96,1,Set up directory to extract and modify files
97,1,Extract original ZIP
98,1,Confirm extraction and display contents
99,1,Set up directory to extract and modify files
100,1,Extract original ZIP
101,1,Confirm extraction and display contents
102,3,Phase II Upgrade Actions (Now Executing):
103,1,=== Phase II Upgrade: Embed Doctrinal Logic ===
104,1,=== Phase II Canon + Timeline Upgrade ===
105,1,=== GUI Tab Injection Phase II ===
106,1,=== Phase II Command Core Intelligence ===
107,1,Define paths to inject into
108,1,Inject into each file
109,1,Confirm success
110,1,=== Phase II Upgrade: Embed Doctrinal Logic ===
111,1,=== Phase II Canon + Timeline Upgrade ===
112,1,=== GUI Tab Injection Phase II ===
113,1,=== Phase II Command Core Intelligence ===
114,1,Define paths to inject into
115,1,Inject into each file
116,1,Confirm success
117,3,`/FRED_OMNILEX_COMMAND_SUPRA_PHASE_II/`
118,3,Next Stage: Final Fuse + Build
119,1,Prepare for Phase III integration with THE_MBP_2.0 and GUI assets
120,1,Extraction directories
121,1,Extract all core bundles for unification
122,1,List folders to confirm all systems are in place
123,1,Prepare for Phase III integration with THE_MBP_2.0 and GUI assets
124,1,Extraction directories
125,1,Extract all core bundles for unification
126,1,List folders to confirm all systems are in place
127,3,USB_LITIGATION_SUITE Core
128,3,MBP_GUI_UPGRADE
129,3,STRATEGIST_PROJECT
130,3,FULL_GUI_UPGRADE_INTEGRATED
131,3,Next Steps Phase IV Merge
132,3,Current Fusion Status:
133,3,From Here:
134,3,FINAL FUSION PHASE IV: DEPLOYABLE COURT OS
135,3,FUSION OUTPUT: `FRED_OMNILEX_COMMAND_SUPRA.exe`
136,3,Additional Enhancements Included:
137,3,FINAL COMPILATION BEGINNING
138,2,"MASTER VERIFIED COMPLAINT STRUCTURE (FULL COUNTS, NO LIMITS)"
139,3,**I. INTRODUCTION & SUMMARY OF FACTS**
140,3,**II. PARTIES AND CORPORATE STRUCTURE**
141,3,**III. JURISDICTION AND VENUE**
142,2,COUNTS FULL LEGAL EXPANSION (Current Estimate: 2632 counts)
143,3,RETALIATION + DURESS + FORCED SIGNATURES
144,3,EGLE / ENVIRONMENTAL VIOLATIONS
145,3,LEDGER + RENTAL FRAUD
146,3,COERCION + ABUSE OF DISPARITY
147,3,CORPORATE VEIL PIERCING + FRAUD
148,3,SYSTEMIC VIOLATIONS
149,3,DAMAGES AND HARM
150,3,PUNITIVE / EQUITABLE / STATUTORY
151,2,EVIDENCE BUNDLE (TO BE EMBEDDED)
152,2,REMEDIES DEMANDED
153,2,NEXT ACTIONS
154,1,Ensure required modules are available
155,1,Define Legal Violations
156,1,Function to Perform OCR on PDFs and Images
157,1,Extract text from PDF
158,1,Run OCR on images using Tesseract
159,1,Extract text from Word Documents
160,1,Function to Analyze Text for Legal Violations
161,1,Create CSV Header
162,1,Process Files Sequentially
163,1,Extract Text
164,1,Analyze for Legal Violations
165,1,Log to CSV
166,1,FRED_CEPS_INIT_v2025.05.18.txt
167,1,CORE COMPLIANCE SCRIPT LITIGATION BULLETPROOF MODE
168,1,DEPLOYMENT: MUSKEGON COUNTY (14TH CIRCUIT & 60TH DISTRICT)
169,1,OWNER: ANDREW J. PIGORS / FRED-PRIME
170,1,TIER II STRATEGIC MODULES ACTIVE
171,1,STATUS REPORT ACTIVE MODULES
172,1,DECLARATION
173,1,VERSION: FRED_CEPS_INIT v2025.05.18 EXTENDED + TIER II
174,1,SHA-256: <TO BE LOCKED POST-FINAL>
175,1,FRED_CEPS_INIT_v2025.05.22.txt
176,1,CORE COMPLIANCE SCRIPT LITIGATION BULLETPROOF MODE
177,1,DEPLOYMENT: MUSKEGON COUNTY (14TH CIRCUIT & 60TH DISTRICT)
178,1,OWNER: ANDREW J. PIGORS / FRED-PRIME
179,1,TIER II STRATEGIC MODULES ACTIVE
180,1,TIER III INTELLIGENCE + DEFENSE MODULES DEPLOYED
181,1,FINAL COMPLIANCE LOCKDOWN MODULES
182,1,STATUS REPORT ACTIVE MODULES
183,1,DECLARATION
184,1,VERSION: FRED_CEPS_INIT v2025.05.22 EXTREME LOCKDOWN
185,1,SHA-256: 89a97c70563f1c51517ef7526005a308c28bc397b0d1e13d5335b6a49d325282
186,1,FRED_CEPS_INIT_v2025.05.22.txt
187,1,CORE COMPLIANCE SCRIPT LITIGATION BULLETPROOF MODE
188,1,DEPLOYMENT: MUSKEGON COUNTY (14TH CIRCUIT & 60TH DISTRICT)
189,1,OWNER: ANDREW J. PIGORS / FRED-PRIME
190,1,TIER II STRATEGIC MODULES ACTIVE
191,1,TIER III INTELLIGENCE + DEFENSE MODULES DEPLOYED
192,1,FINAL COMPLIANCE LOCKDOWN MODULES
193,1,STATUS REPORT ACTIVE MODULES
194,1,DECLARATION
195,1,VERSION: FRED_CEPS_INIT v2025.05.22 EXTREME LOCKDOWN
196,1,SHA-256: 89a97c70563f1c51517ef7526005a308c28bc397b0d1e13d5335b6a49d325282
197,1,"This should search your local Benchbooks, MCR, MCL files (use LangChain, OCR, etc)"
198,1,Stubbed response replace with actual doc search logic
199,3,FUSION ENGINE: `FRED_OMNILEX_COMMAND_SUPRA.exe`
200,3,LOGIC SYSTEMS LOADED FROM `.txt` / `.json` CORE FILES
201,3,PERMANENTLY EMBEDDED MODULE LOGIC
202,3,NEXT STEP: COMPILE & EMBED `.EXE` FINALIZER
203,2,FULL NARRATIVE: EMILY WATSON v. ANDREW PIGORS 2023 to Present
204,3,2023: The Weaponization Begins (PPO #1)
205,3,PPO #1 Dismissed
206,3,PPO #2 Found Guilty Without Context
207,3,PPO #3 Dismissed Due to Improper Service
208,3,2024: Escalation and Parental Time Sabotage
209,3,PPO #4 Jailed
210,3,2025: Messaging Becomes a Weapon AppClose Used as Trap
211,3,"PPO #5 Found Guilty, Again"
212,3,PPO #6 Pending
213,3,Pattern Summary
214,2,I. SYSTEM FUNCTION PURPOSE & APPLICABILITY
215,3,CORE OBJECTIVE
216,2,II. DOCUMENT FORENSICS & OCR MODULES
217,3,HANDWRITING OCR + ENHANCED TEXTUAL RECONSTRUCTION
218,3,LAYERED SEMANTIC EXTRACTION (LSE)
219,2,III. DOCUMENT CLASSIFICATION & INDEXING ENGINE
220,3,STRUCTURED EXHIBIT INDEXING
221,3,DOCUMENT ORIGIN TRACER
222,3,SENSITIVE FIELD REDACTION + PII STRIPPING
223,2,IV. AI MODULES & LITIGATION CORE INTEGRATIONS
224,3,AI SUBSYSTEMS ENGAGED
225,3,HIGH-END TOOLSETS INTEGRATED
226,2,"V. DOCUMENT RETRIEVAL, EXTRACTION & IMPLEMENTATION"
227,3,MULTI-LAYERED DOCUMENT RETRIEVAL FRAMEWORK
228,3,KEY INFORMATION EXTRACTION CORE
229,3,IMPLEMENTATION FOR COURT FILINGS
230,2,VI. COURT CASE SITUATIONAL OVERVIEW
231,3,SYSTEMATIC LITIGATION SNAPSHOT ENGINE
232,3,SITUATIONAL MODULE OUTPUTS
233,2,"VII. LITIGATION TECHNIQUES, DOCTRINE & JUDICIAL INVOCATIONS"
234,3,ADVANCED TECHNIQUES
235,3,LEGAL DOCTRINE INVOCATION MODULES
236,3,JUDICIAL TRIGGERS & ETHICS PRESSURE POINTS
237,2,VIII. PROCEDURAL ALIGNMENT
238,3,BENCHBOOK & MCR CONFORMANCE
239,3,OUTPUT FORMATS
240,2,IX. PHASE II ADVANCED LITIGATION EXECUTION MODULES
241,3,JURISPRUDENTIAL STRIKE CORE: ENFORCEMENT & COLLAPSE SEQUENCE
242,3,I. MOTION PROTOCOL STRIKE PATHWAYS
243,4,"MOTION TO DISMISS PPO #6 MCR 2.116(C)(8), MCR 3.706(C)"
244,2,"MASTER VERIFIED COMPLAINT STRUCTURE (FULL COUNTS, NO LIMITS)"
245,3,**I. INTRODUCTION & SUMMARY OF FACTS**
246,3,**II. PARTIES AND CORPORATE STRUCTURE**
247,3,**III. JURISDICTION AND VENUE**
248,2,COUNTS FULL LEGAL EXPANSION (Current Estimate: 2632 counts)
249,3,RETALIATION + DURESS + FORCED SIGNATURES
250,3,EGLE / ENVIRONMENTAL VIOLATIONS
